league_key,league_name,event_id,event_title,event_date,prefecture_name,venue,rank_num,rank_label,player_name,player_id,area,deck_code,deck_url,deck_confirm_url,deck_type,source_tags,hashimu_url,scope
junior_day2,ジュニア2日目,981402,チャンピオンズリーグ2026 愛知 May ジュニアリーグ 2日目大会,2026-05-10 00:00:00.000000,愛知県,Aichi Sky Expo　展示ホールD・E,1,WINNER,コハルヒー,0031838441,奈良県,Qnng9L-PNvKfq-6giQgL,https://www.pokemon-card.com/deck/deck.html?deckID=Qnng9L-PNvKfq-6giQgL,https://www.pokemon-card.com/deck/confirm.html/deckID/Qnng9L-PNvKfq-6giQgL,【ソルロックルナトーン/メガルカリオex】,ソルロックルナトーン / メガルカリオex,https://hashimu.com/official-events/2276,Day2
junior_day2,ジュニア2日目,981402,チャンピオンズリーグ2026 愛知 May ジュニアリーグ 2日目大会,2026-05-10 00:00:00.000000,愛知県,Aichi Sky Expo　展示ホールD・E,2,RUNNER_UP,うーか,0036113914,東京都,f5v1k5-SxgiBx-kkFFbk,https://www.pokemon-card.com/deck/deck.html?deckID=f5v1k5-SxgiBx-kkFFbk,https://www.pokemon-card.com/deck/confirm.html/deckID/f5v1k5-SxgiBx-kkFFbk,【ロケット団】,ロケット団,https://hashimu.com/official-events/2276,Day2
junior_day2,ジュニア2日目,981402,チャンピオンズリーグ2026 愛知 May ジュニアリーグ 2日目大会,2026-05-10 00:00:00.000000,愛知県,Aichi Sky Expo　展示ホールD・E,3,TOP4,かんかん,0036383418,神奈川県,9QLngH-HKM7cE-igggQL,https://www.pokemon-card.com/deck/deck.html?deckID=9QLngH-HKM7cE-igggQL,https://www.pokemon-card.com/deck/confirm.html/deckID/9QLngH-HKM7cE-igggQL,【メガガルーラex】,メガガルーラex / イワパレス,https://hashimu.com/official-events/2276,Day2
junior_day2,ジュニア2日目,981402,チャンピオンズリーグ2026 愛知 May ジュニアリーグ 2日目大会,2026-05-10 00:00:00.000000,愛知県,Aichi Sky Expo　展示ホールD・E,3,TOP4,アキラ,0044613503,愛知県,g9gPNN-ZQ2Ifm-nNnNnQ,https://www.pokemon-card.com/deck/deck.html?deckID=g9gPNN-ZQ2Ifm-nNnNnQ,https://www.pokemon-card.com/deck/confirm.html/deckID/g9gPNN-ZQ2Ifm-nNnNnQ,【ソルロックルナトーン/メガルカリオex】,ソルロックルナトーン / メガルカリオex,https://hashimu.com/official-events/2276,Day2
junior_day2,ジュニア2日目,981402,チャンピオンズリーグ2026 愛知 May ジュニアリーグ 2日目大会,2026-05-10 00:00:00.000000,愛知県,Aichi Sky Expo　展示ホールD・E,5,TOP8,けんと,0079947141,愛知県,4cGa8x-KDn6Aj-cY8YJG,https://www.pokemon-card.com/deck/deck.html?deckID=4cGa8x-KDn6Aj-cY8YJG,https://www.pokemon-card.com/deck/confirm.html/deckID/4cGa8x-KDn6Aj-cY8YJG,【ドラパルトex】,ドラパルトex,https://hashimu.com/official-events/2276,Day2
junior_day2,ジュニア2日目,981402,チャンピオンズリーグ2026 愛知 May ジュニアリーグ 2日目大会,2026-05-10 00:00:00.000000,愛知県,Aichi Sky Expo　展示ホールD・E,5,TOP8,あき,0078246434,埼玉県,9gLLng-QLckhg-nnPQ6Q,https://www.pokemon-card.com/deck/deck.html?deckID=9gLLng-QLckhg-nnPQ6Q,https://www.pokemon-card.com/deck/confirm.html/deckID/9gLLng-QLckhg-nnPQ6Q,【メガガルーラex】,exバレット / タケルライコex / メガガルーラex,https://hashimu.com/official-events/2276,Day2
junior_day2,ジュニア2日目,981402,チャンピオンズリーグ2026 愛知 May ジュニアリーグ 2日目大会,2026-05-10 00:00:00.000000,愛知県,Aichi Sky Expo　展示ホールD・E,5,TOP8,ルカリオ,0062925701,東京都,SREUpU-f42Azr-EXypyp,https://www.pokemon-card.com/deck/deck.html?deckID=SREUpU-f42Azr-EXypyp,https://www.pokemon-card.com/deck/confirm.html/deckID/SREUpU-f42Azr-EXypyp,【ドラパルトex / バシャーモex】,ドラパルトex / バシャーモex,https://hashimu.com/official-events/2276,Day2
junior_day2,ジュニア2日目,981402,チャンピオンズリーグ2026 愛知 May ジュニアリーグ 2日目大会,2026-05-10 00:00:00.000000,愛知県,Aichi Sky Expo　展示ホールD・E,5,TOP8,裕斗,0039176679,京都府,pyUyMp-njjgVP-RS2ppy,https://www.pokemon-card.com/deck/deck.html?deckID=pyUyMp-njjgVP-RS2ppy,https://www.pokemon-card.com/deck/confirm.html/deckID/pyUyMp-njjgVP-RS2ppy,【メガガルーラex】,exバレット / メガガルーラex,https://hashimu.com/official-events/2276,Day2
junior_day2,ジュニア2日目,981402,チャンピオンズリーグ2026 愛知 May ジュニアリーグ 2日目大会,2026-05-10 00:00:00.000000,愛知県,Aichi Sky Expo　展示ホールD・E,9,TOP16,リンジョット,0061932449,山形県,8cc88Y-cFMMqt-cK4GDY,https://www.pokemon-card.com/deck/deck.html?deckID=8cc88Y-cFMMqt-cK4GDY,https://www.pokemon-card.com/deck/confirm.html/deckID/8cc88Y-cFMMqt-cK4GDY,【ゲッコウガex / メガスターミーex / メガユキメノコex】,ゲッコウガex / メガスターミーex / メガユキメノコex,https://hashimu.com/official-events/2276,Day2
junior_day2,ジュニア2日目,981402,チャンピオンズリーグ2026 愛知 May ジュニアリーグ 2日目大会,2026-05-10 00:00:00.000000,愛知県,Aichi Sky Expo　展示ホールD・E,9,TOP16,ナツオ,0036349948,兵庫県,bFdFVd-xblZTX-vFFkwv,https://www.pokemon-card.com/deck/deck.html?deckID=bFdFVd-xblZTX-vFFkwv,https://www.pokemon-card.com/deck/confirm.html/deckID/bFdFVd-xblZTX-vFFkwv,【メガガルーラex】,メガガルーラex / イワパレス,https://hashimu.com/official-events/2276,Day2
junior_day2,ジュニア2日目,981402,チャンピオンズリーグ2026 愛知 May ジュニアリーグ 2日目大会,2026-05-10 00:00:00.000000,愛知県,Aichi Sky Expo　展示ホールD・E,9,TOP16,うーぴ,0020430256,大分県,c8Ya88-Q09BiP-Gcx84D,https://www.pokemon-card.com/deck/deck.html?deckID=c8Ya88-Q09BiP-Gcx84D,https://www.pokemon-card.com/deck/confirm.html/deckID/c8Ya88-Q09BiP-Gcx84D,【オリーヴァex】,オリーヴァex,https://hashimu.com/official-events/2276,Day2
junior_day2,ジュニア2日目,981402,チャンピオンズリーグ2026 愛知 May ジュニアリーグ 2日目大会,2026-05-10 00:00:00.000000,愛知県,Aichi Sky Expo　展示ホールD・E,9,TOP16,ARATA,0030656167,神奈川県,cxGc4c-IPbpJ0-4Y8c8D,https://www.pokemon-card.com/deck/deck.html?deckID=cxGc4c-IPbpJ0-4Y8c8D,https://www.pokemon-card.com/deck/confirm.html/deckID/cxGc4c-IPbpJ0-4Y8c8D,【メガガルーラex】,exバレット / メガガルーラex / メガアブソルex,https://hashimu.com/official-events/2276,Day2
junior_day2,ジュニア2日目,981402,チャンピオンズリーグ2026 愛知 May ジュニアリーグ 2日目大会,2026-05-10 00:00:00.000000,愛知県,Aichi Sky Expo　展示ホールD・E,9,TOP16,てやん,0072823901,埼玉県,gQnL9g-c0uym5-g6iHnH,https://www.pokemon-card.com/deck/deck.html?deckID=gQnL9g-c0uym5-g6iHnH,https://www.pokemon-card.com/deck/confirm.html/deckID/gQnL9g-c0uym5-g6iHnH,【メガガルーラex】,exバレット / メガガルーラex,https://hashimu.com/official-events/2276,Day2
junior_day2,ジュニア2日目,981402,チャンピオンズリーグ2026 愛知 May ジュニアリーグ 2日目大会,2026-05-10 00:00:00.000000,愛知県,Aichi Sky Expo　展示ホールD・E,9,TOP16,くも,0084590545,神奈川県,kkVVVF-EPNDVW-Fvfbwk,https://www.pokemon-card.com/deck/deck.html?deckID=kkVVVF-EPNDVW-Fvfbwk,https://www.pokemon-card.com/deck/confirm.html/deckID/kkVVVF-EPNDVW-Fvfbwk,【フーディン】,フーディン,https://hashimu.com/official-events/2276,Day2
junior_day2,ジュニア2日目,981402,チャンピオンズリーグ2026 愛知 May ジュニアリーグ 2日目大会,2026-05-10 00:00:00.000000,愛知県,Aichi Sky Expo　展示ホールD・E,9,TOP16,K,0061587456,兵庫県,kvFkbk-UhUqaL-FwdbVv,https://www.pokemon-card.com/deck/deck.html?deckID=kvFkbk-UhUqaL-FwdbVv,https://www.pokemon-card.com/deck/confirm.html/deckID/kvFkbk-UhUqaL-FwdbVv,【フーディン】,フーディン,https://hashimu.com/official-events/2276,Day2
junior_day2,ジュニア2日目,981402,チャンピオンズリーグ2026 愛知 May ジュニアリーグ 2日目大会,2026-05-10 00:00:00.000000,愛知県,Aichi Sky Expo　展示ホールD・E,9,TOP16,れん,0007734641,愛知県,nnQgg9-485AqY-6nQgQN,https://www.pokemon-card.com/deck/deck.html?deckID=nnQgg9-485AqY-6nQgQN,https://www.pokemon-card.com/deck/confirm.html/deckID/nnQgg9-485AqY-6nQgQN,【メガガルーラex】,メガガルーラex / イワパレス,https://hashimu.com/official-events/2276,Day2
master_day2,マスターDay2,981571,チャンピオンズリーグ2026 愛知 May マスターリーグDay2,2026-05-10 00:00:00.000000,愛知県,Aichi Sky Expo　展示ホールD・E,1,WINNER,ふみとし,0036120822,群馬県,9gngnQ-zAMw9G-96H9nn,https://www.pokemon-card.com/deck/deck.html?deckID=9gngnQ-zAMw9G-96H9nn,https://www.pokemon-card.com/deck/confirm.html/deckID/9gngnQ-zAMw9G-96H9nn,【ドラパルトex】,ドラパルトex,https://hashimu.com/official-events/2277,Day2
master_day2,マスターDay2,981571,チャンピオンズリーグ2026 愛知 May マスターリーグDay2,2026-05-10 00:00:00.000000,愛知県,Aichi Sky Expo　展示ホールD・E,2,RUNNER_UP,ヒカル,0078728169,滋賀県,Fbfwwv-7yehk7-dVFF5k,https://www.pokemon-card.com/deck/deck.html?deckID=Fbfwwv-7yehk7-dVFF5k,https://www.pokemon-card.com/deck/confirm.html/deckID/Fbfwwv-7yehk7-dVFF5k,【Nのゾロアークex】,Nのゾロアークex,https://hashimu.com/official-events/2277,Day2
master_day2,マスターDay2,981571,チャンピオンズリーグ2026 愛知 May マスターリーグDay2,2026-05-10 00:00:00.000000,愛知県,Aichi Sky Expo　展示ホールD・E,3,TOP4,まそ,0020434407,埼玉県,NnLQng-31zatS-96gP6g,https://www.pokemon-card.com/deck/deck.html?deckID=NnLQng-31zatS-96gP6g,https://www.pokemon-card.com/deck/confirm.html/deckID/NnLQng-31zatS-96gP6g,【カミツオロチex】,カミツオロチex,https://hashimu.com/official-events/2277,Day2
master_day2,マスターDay2,981571,チャンピオンズリーグ2026 愛知 May マスターリーグDay2,2026-05-10 00:00:00.000000,愛知県,Aichi Sky Expo　展示ホールD・E,3,TOP4,Sh0-1,0036634271,京都府,xa8cca-vxdi9m-Y844G4,https://www.pokemon-card.com/deck/deck.html?deckID=xa8cca-vxdi9m-Y844G4,https://www.pokemon-card.com/deck/confirm.html/deckID/xa8cca-vxdi9m-Y844G4,【ドラパルトex / バシャーモex】,ドラパルトex / バシャーモex,https://hashimu.com/official-events/2277,Day2
master_day2,マスターDay2,981571,チャンピオンズリーグ2026 愛知 May マスターリーグDay2,2026-05-10 00:00:00.000000,愛知県,Aichi Sky Expo　展示ホールD・E,5,TOP8,n,0061557318,埼玉県,VbvFFV-IGZQQQ-FFwkkF,https://www.pokemon-card.com/deck/deck.html?deckID=VbvFFV-IGZQQQ-FFwkkF,https://www.pokemon-card.com/deck/confirm.html/deckID/VbvFFV-IGZQQQ-FFwkkF,【ドラパルトex】,ドラパルトex,https://hashimu.com/official-events/2277,Day2
master_day2,マスターDay2,981571,チャンピオンズリーグ2026 愛知 May マスターリーグDay2,2026-05-10 00:00:00.000000,愛知県,Aichi Sky Expo　展示ホールD・E,5,TOP8,ねりす,0029787867,茨城県,gQngQL-96L37G-QLg96g,https://www.pokemon-card.com/deck/deck.html?deckID=gQngQL-96L37G-QLg96g,https://www.pokemon-card.com/deck/confirm.html/deckID/gQngQL-96L37G-QLg96g,【Nのゾロアークex】,Nのゾロアークex,https://hashimu.com/official-events/2277,Day2
master_day2,マスターDay2,981571,チャンピオンズリーグ2026 愛知 May マスターリーグDay2,2026-05-10 00:00:00.000000,愛知県,Aichi Sky Expo　展示ホールD・E,5,TOP8,ライ,0005982026,新潟県,iLNiPg-kcZVG7-ggQnN9,https://www.pokemon-card.com/deck/deck.html?deckID=iLNiPg-kcZVG7-ggQnN9,https://www.pokemon-card.com/deck/confirm.html/deckID/iLNiPg-kcZVG7-ggQnN9,【ドラパルトex】,ドラパルトex,https://hashimu.com/official-events/2277,Day2
master_day2,マスターDay2,981571,チャンピオンズリーグ2026 愛知 May マスターリーグDay2,2026-05-10 00:00:00.000000,愛知県,Aichi Sky Expo　展示ホールD・E,5,TOP8,C4nC3r,0003578755,東京都,pyURpp-pAm5vW-MySyX2,https://www.pokemon-card.com/deck/deck.html?deckID=pyURpp-pAm5vW-MySyX2,https://www.pokemon-card.com/deck/confirm.html/deckID/pyURpp-pAm5vW-MySyX2,【メガガルーラex】,exバレット / メガガルーラex / メガアブソルex,https://hashimu.com/official-events/2277,Day2
master_day2,マスターDay2,981571,チャンピオンズリーグ2026 愛知 May マスターリーグDay2,2026-05-10 00:00:00.000000,愛知県,Aichi Sky Expo　展示ホールD・E,9,TOP16,たかひろ,0082919481,東京都,4DGcDc-E6BGx0-8ca8YG,https://www.pokemon-card.com/deck/deck.html?deckID=4DGcDc-E6BGx0-8ca8YG,https://www.pokemon-card.com/deck/confirm.html/deckID/4DGcDc-E6BGx0-8ca8YG,【ドラパルトex / バシャーモex】,ドラパルトex / バシャーモex,https://hashimu.com/official-events/2277,Day2
master_day2,マスターDay2,981571,チャンピオンズリーグ2026 愛知 May マスターリーグDay2,2026-05-10 00:00:00.000000,愛知県,Aichi Sky Expo　展示ホールD・E,9,TOP16,よし,0002370484,千葉県,6Ng9gg-xTNXA0-HgQHnn,https://www.pokemon-card.com/deck/deck.html?deckID=6Ng9gg-xTNXA0-HgQHnn,https://www.pokemon-card.com/deck/confirm.html/deckID/6Ng9gg-xTNXA0-HgQHnn,【ドラパルトex】,ドラパルトex,https://hashimu.com/official-events/2277,Day2
master_day2,マスターDay2,981571,チャンピオンズリーグ2026 愛知 May マスターリーグDay2,2026-05-10 00:00:00.000000,愛知県,Aichi Sky Expo　展示ホールD・E,9,TOP16,ソル,0005891812,兵庫県,8aD8cD-KUESTX-8cKYG8,https://www.pokemon-card.com/deck/deck.html?deckID=8aD8cD-KUESTX-8cKYG8,https://www.pokemon-card.com/deck/confirm.html/deckID/8aD8cD-KUESTX-8cKYG8,【メガミミロップex / メガユキメノコex】,メガミミロップex / メガユキメノコex,https://hashimu.com/official-events/2277,Day2
master_day2,マスターDay2,981571,チャンピオンズリーグ2026 愛知 May マスターリーグDay2,2026-05-10 00:00:00.000000,愛知県,Aichi Sky Expo　展示ホールD・E,9,TOP16,みなぎ,0005080384,山口県,9gggnP-9rFSZA-nNQiNN,https://www.pokemon-card.com/deck/deck.html?deckID=9gggnP-9rFSZA-nNQiNN,https://www.pokemon-card.com/deck/confirm.html/deckID/9gggnP-9rFSZA-nNQiNN,【シロナのガブリアスex】,シロナのガブリアスex,https://hashimu.com/official-events/2277,Day2
master_day2,マスターDay2,981571,チャンピオンズリーグ2026 愛知 May マスターリーグDay2,2026-05-10 00:00:00.000000,愛知県,Aichi Sky Expo　展示ホールD・E,9,TOP16,だいふく。,0022174039,香川県,YKGY8c-DA5Gwd-8cYxca,https://www.pokemon-card.com/deck/deck.html?deckID=YKGY8c-DA5Gwd-8cYxca,https://www.pokemon-card.com/deck/confirm.html/deckID/YKGY8c-DA5Gwd-8cYxca,【メガガルーラex】,exバレット / メガガルーラex,https://hashimu.com/official-events/2277,Day2
master_day2,マスターDay2,981571,チャンピオンズリーグ2026 愛知 May マスターリーグDay2,2026-05-10 00:00:00.000000,愛知県,Aichi Sky Expo　展示ホールD・E,9,TOP16,しゅう,0036586480,東京都,c8c8Yc-ldwVpi-8aJGxc,https://www.pokemon-card.com/deck/deck.html?deckID=c8c8Yc-ldwVpi-8aJGxc,https://www.pokemon-card.com/deck/confirm.html/deckID/c8c8Yc-ldwVpi-8aJGxc,【ドラパルトex】,ドラパルトex,https://hashimu.com/official-events/2277,Day2
master_day2,マスターDay2,981571,チャンピオンズリーグ2026 愛知 May マスターリーグDay2,2026-05-10 00:00:00.000000,愛知県,Aichi Sky Expo　展示ホールD・E,9,TOP16,ミツハニーかいどう,0042171881,東京都,g6gP6Q-nBGN1N-HnLng9,https://www.pokemon-card.com/deck/deck.html?deckID=g6gP6Q-nBGN1N-HnLng9,https://www.pokemon-card.com/deck/confirm.html/deckID/g6gP6Q-nBGN1N-HnLng9,【ロケット団】,ロケット団,https://hashimu.com/official-events/2277,Day2
master_day2,マスターDay2,981571,チャンピオンズリーグ2026 愛知 May マスターリーグDay2,2026-05-10 00:00:00.000000,愛知県,Aichi Sky Expo　展示ホールD・E,9,TOP16,リーパー,0097985200,愛知県,xc8YYx-SC1ErI-cK8cYG,https://www.pokemon-card.com/deck/deck.html?deckID=xc8YYx-SC1ErI-cK8cYG,https://www.pokemon-card.com/deck/confirm.html/deckID/xc8YYx-SC1ErI-cK8cYG,【オリーヴァex】,オリーヴァex,https://hashimu.com/official-events/2277,Day2
senior_day2,シニア2日目,981255,チャンピオンズリーグ2026 愛知 May シニアリーグ 2日目大会,2026-05-10 00:00:00.000000,愛知県,Aichi Sky Expo　展示ホールD・E,1,WINNER,うみ,0082959519,茨城県,UXUSpp-g9Dg7P-R3pSMy,https://www.pokemon-card.com/deck/deck.html?deckID=UXUSpp-g9Dg7P-R3pSMy,https://www.pokemon-card.com/deck/confirm.html/deckID/UXUSpp-g9Dg7P-R3pSMy,【ドラパルトex】,ドラパルトex,https://hashimu.com/official-events/2275,Day2
senior_day2,シニア2日目,981255,チャンピオンズリーグ2026 愛知 May シニアリーグ 2日目大会,2026-05-10 00:00:00.000000,愛知県,Aichi Sky Expo　展示ホールD・E,2,RUNNER_UP,とも,0099723268,東京都,vFbFF5-rudjw7-bwFkVF,https://www.pokemon-card.com/deck/deck.html?deckID=vFbFF5-rudjw7-bwFkVF,https://www.pokemon-card.com/deck/confirm.html/deckID/vFbFF5-rudjw7-bwFkVF,【メガアブソルex】,メガアブソルex,https://hashimu.com/official-events/2275,Day2
senior_day2,シニア2日目,981255,チャンピオンズリーグ2026 愛知 May シニアリーグ 2日目大会,2026-05-10 00:00:00.000000,愛知県,Aichi Sky Expo　展示ホールD・E,3,TOP4,ネノ,0041888267,岡山県,Qn6g99-npYctQ-Qgn9Nn,https://www.pokemon-card.com/deck/deck.html?deckID=Qn6g99-npYctQ-Qgn9Nn,https://www.pokemon-card.com/deck/confirm.html/deckID/Qn6g99-npYctQ-Qgn9Nn,【ドラパルトex】,ドラパルトex,https://hashimu.com/official-events/2275,Day2
senior_day2,シニア2日目,981255,チャンピオンズリーグ2026 愛知 May シニアリーグ 2日目大会,2026-05-10 00:00:00.000000,愛知県,Aichi Sky Expo　展示ホールD・E,3,TOP4,攻め意識,0077377045,大阪府,gLgQg9-3JXiqQ-QNNLnn,https://www.pokemon-card.com/deck/deck.html?deckID=gLgQg9-3JXiqQ-QNNLnn,https://www.pokemon-card.com/deck/confirm.html/deckID/gLgQg9-3JXiqQ-QNNLnn,【ドラパルトex】,ドラパルトex,https://hashimu.com/official-events/2275,Day2
senior_day2,シニア2日目,981255,チャンピオンズリーグ2026 愛知 May シニアリーグ 2日目大会,2026-05-10 00:00:00.000000,愛知県,Aichi Sky Expo　展示ホールD・E,5,TOP8,シアン,0075335733,大阪府,4c8cYK-g8LF55-YxGccc,https://www.pokemon-card.com/deck/deck.html?deckID=4c8cYK-g8LF55-YxGccc,https://www.pokemon-card.com/deck/confirm.html/deckID/4c8cYK-g8LF55-YxGccc,【ユキメノコ / マリィのオーロンゲex / メガユキメノコex】,ユキメノコ / マリィのオーロンゲex / メガユキメノコex,https://hashimu.com/official-events/2275,Day2
senior_day2,シニア2日目,981255,チャンピオンズリーグ2026 愛知 May シニアリーグ 2日目大会,2026-05-10 00:00:00.000000,愛知県,Aichi Sky Expo　展示ホールD・E,5,TOP8,ひなた,0078477171,栃木県,Lig9NH-cfLHZS-Q9n9gg,https://www.pokemon-card.com/deck/deck.html?deckID=Lig9NH-cfLHZS-Q9n9gg,https://www.pokemon-card.com/deck/confirm.html/deckID/Lig9NH-cfLHZS-Q9n9gg,【ドラパルトex】,ドラパルトex,https://hashimu.com/official-events/2275,Day2
senior_day2,シニア2日目,981255,チャンピオンズリーグ2026 愛知 May シニアリーグ 2日目大会,2026-05-10 00:00:00.000000,愛知県,Aichi Sky Expo　展示ホールD・E,5,TOP8,sou,0043697964,滋賀県,Y8xccY-zhPqot-xccccG,https://www.pokemon-card.com/deck/deck.html?deckID=Y8xccY-zhPqot-xccccG,https://www.pokemon-card.com/deck/confirm.html/deckID/Y8xccY-zhPqot-xccccG,【メガガルーラex】,メガガルーラex / イワパレス,https://hashimu.com/official-events/2275,Day2
senior_day2,シニア2日目,981255,チャンピオンズリーグ2026 愛知 May シニアリーグ 2日目大会,2026-05-10 00:00:00.000000,愛知県,Aichi Sky Expo　展示ホールD・E,5,TOP8,a,0049238309,新潟県,gLLQgg-uCQMQo-Qgn6Q9,https://www.pokemon-card.com/deck/deck.html?deckID=gLLQgg-uCQMQo-Qgn6Q9,https://www.pokemon-card.com/deck/confirm.html/deckID/gLLQgg-uCQMQo-Qgn6Q9,【メガガルーラex】,exバレット / メガガルーラex,https://hashimu.com/official-events/2275,Day2
senior_day2,シニア2日目,981255,チャンピオンズリーグ2026 愛知 May シニアリーグ 2日目大会,2026-05-10 00:00:00.000000,愛知県,Aichi Sky Expo　展示ホールD・E,9,TOP16,jabeue,0066207753,静岡県,3ERRMp-DyEw9L-ppySpy,https://www.pokemon-card.com/deck/deck.html?deckID=3ERRMp-DyEw9L-ppySpy,https://www.pokemon-card.com/deck/confirm.html/deckID/3ERRMp-DyEw9L-ppySpy,【ドラパルトex】,ドラパルトex,https://hashimu.com/official-events/2275,Day2
senior_day2,シニア2日目,981255,チャンピオンズリーグ2026 愛知 May シニアリーグ 2日目大会,2026-05-10 00:00:00.000000,愛知県,Aichi Sky Expo　展示ホールD・E,9,TOP16,ウルトラかいせい,0000311678,大阪府,3RyySM-ukE2Dl-MypSpX,https://www.pokemon-card.com/deck/deck.html?deckID=3RyySM-ukE2Dl-MypSpX,https://www.pokemon-card.com/deck/confirm.html/deckID/3RyySM-ukE2Dl-MypSpX,【メガガルーラex】,exバレット / メガガルーラex,https://hashimu.com/official-events/2275,Day2
senior_day2,シニア2日目,981255,チャンピオンズリーグ2026 愛知 May シニアリーグ 2日目大会,2026-05-10 00:00:00.000000,愛知県,Aichi Sky Expo　展示ホールD・E,9,TOP16,カビノスケ,0008731267,静岡県,4J8GK4-wi64gH-cYc88G,https://www.pokemon-card.com/deck/deck.html?deckID=4J8GK4-wi64gH-cYc88G,https://www.pokemon-card.com/deck/confirm.html/deckID/4J8GK4-wi64gH-cYc88G,【exバレット / タケルライコex / テラパゴスex】,exバレット / タケルライコex / テラパゴスex,https://hashimu.com/official-events/2275,Day2
senior_day2,シニア2日目,981255,チャンピオンズリーグ2026 愛知 May シニアリーグ 2日目大会,2026-05-10 00:00:00.000000,愛知県,Aichi Sky Expo　展示ホールD・E,9,TOP16,青笹,0073647108,大阪府,8YcD4a-DlloOa-cGDx8J,https://www.pokemon-card.com/deck/deck.html?deckID=8YcD4a-DlloOa-cGDx8J,https://www.pokemon-card.com/deck/confirm.html/deckID/8YcD4a-DlloOa-cGDx8J,【ドラパルトex】,ドラパルトex,https://hashimu.com/official-events/2275,Day2
senior_day2,シニア2日目,981255,チャンピオンズリーグ2026 愛知 May シニアリーグ 2日目大会,2026-05-10 00:00:00.000000,愛知県,Aichi Sky Expo　展示ホールD・E,9,TOP16,みるめぃくー,0054859528,大阪府,FVFVkd-enPyJG-wFbVkv,https://www.pokemon-card.com/deck/deck.html?deckID=FVFVkd-enPyJG-wFbVkv,https://www.pokemon-card.com/deck/confirm.html/deckID/FVFVkd-enPyJG-wFbVkv,【メガガルーラex】,メガガルーラex / イワパレス,https://hashimu.com/official-events/2275,Day2
senior_day2,シニア2日目,981255,チャンピオンズリーグ2026 愛知 May シニアリーグ 2日目大会,2026-05-10 00:00:00.000000,愛知県,Aichi Sky Expo　展示ホールD・E,9,TOP16,Yu,0033609933,広島県,MMpRyp-SdnRpU-SyUpSM,https://www.pokemon-card.com/deck/deck.html?deckID=MMpRyp-SdnRpU-SyUpSM,https://www.pokemon-card.com/deck/confirm.html/deckID/MMpRyp-SdnRpU-SyUpSM,【ドラパルトex】,ドラパルトex,https://hashimu.com/official-events/2275,Day2
senior_day2,シニア2日目,981255,チャンピオンズリーグ2026 愛知 May シニアリーグ 2日目大会,2026-05-10 00:00:00.000000,愛知県,Aichi Sky Expo　展示ホールD・E,9,TOP16,LAW,0026626642,福岡県,Q9gng6-iKyaJe-gHLnLH,https://www.pokemon-card.com/deck/deck.html?deckID=Q9gng6-iKyaJe-gHLnLH,https://www.pokemon-card.com/deck/confirm.html/deckID/Q9gng6-iKyaJe-gHLnLH,【exバレット / タケルライコex】,exバレット / タケルライコex,https://hashimu.com/official-events/2275,Day2
senior_day2,シニア2日目,981255,チャンピオンズリーグ2026 愛知 May シニアリーグ 2日目大会,2026-05-10 00:00:00.000000,愛知県,Aichi Sky Expo　展示ホールD・E,9,TOP16,アユ,0042125543,東京都,gPgni9-7fV29b-gnLnQn,https://www.pokemon-card.com/deck/deck.html?deckID=gPgni9-7fV29b-gnLnQn,https://www.pokemon-card.com/deck/confirm.html/deckID/gPgni9-7fV29b-gnLnQn,【Nのゾロアークex / メガミミロップex】,Nのゾロアークex / メガミミロップex,https://hashimu.com/official-events/2275,Day2
junior_day1,ジュニア1日目,981401,チャンピオンズリーグ2026 愛知 May ジュニアリーグ 1日目大会,2026-05-09 00:00:00.000000,愛知県,Aichi Sky Expo　展示ホールD・E,1,WINNER,りひとブレーズ,0016146930,兵庫県,N9gign-jl8k25-HngnQH,https://www.pokemon-card.com/deck/deck.html?deckID=N9gign-jl8k25-HngnQH,https://www.pokemon-card.com/deck/confirm.html/deckID/N9gign-jl8k25-HngnQH,【ドラパルトex / バシャーモex】,ドラパルトex / バシャーモex,https://hashimu.com/official-events/2273,Day1
junior_day1,ジュニア1日目,981401,チャンピオンズリーグ2026 愛知 May ジュニアリーグ 1日目大会,2026-05-09 00:00:00.000000,愛知県,Aichi Sky Expo　展示ホールD・E,2,RUNNER_UP,ツキミヌス,0043169812,大阪府,ccacJG-nWDyZI-YxY8c8,https://www.pokemon-card.com/deck/deck.html?deckID=ccacJG-nWDyZI-YxY8c8,https://www.pokemon-card.com/deck/confirm.html/deckID/ccacJG-nWDyZI-YxY8c8,【メガアブソルex】,メガアブソルex,https://hashimu.com/official-events/2273,Day1
junior_day1,ジュニア1日目,981401,チャンピオンズリーグ2026 愛知 May ジュニアリーグ 1日目大会,2026-05-09 00:00:00.000000,愛知県,Aichi Sky Expo　展示ホールD・E,3,TOP4,まっちゃ,0077296247,滋賀県,1vdk5F-jAJ0TY-bVvkVV,https://www.pokemon-card.com/deck/deck.html?deckID=1vdk5F-jAJ0TY-bVvkVV,https://www.pokemon-card.com/deck/confirm.html/deckID/1vdk5F-jAJ0TY-bVvkVV,【ロケット団】,ロケット団,https://hashimu.com/official-events/2273,Day1
junior_day1,ジュニア1日目,981401,チャンピオンズリーグ2026 愛知 May ジュニアリーグ 1日目大会,2026-05-09 00:00:00.000000,愛知県,Aichi Sky Expo　展示ホールD・E,3,TOP4,るい,0080161938,香川県,J4GxYx-CF8rCn-8cY8cD,https://www.pokemon-card.com/deck/deck.html?deckID=J4GxYx-CF8rCn-8cY8cD,https://www.pokemon-card.com/deck/confirm.html/deckID/J4GxYx-CF8rCn-8cY8cD,【ドラパルトex】,ドラパルトex,https://hashimu.com/official-events/2273,Day1
junior_day1,ジュニア1日目,981401,チャンピオンズリーグ2026 愛知 May ジュニアリーグ 1日目大会,2026-05-09 00:00:00.000000,愛知県,Aichi Sky Expo　展示ホールD・E,5,TOP8,ひな,0044226749,埼玉県,1kVb55-0Q2ia6-1F1Fvk,https://www.pokemon-card.com/deck/deck.html?deckID=1kVb55-0Q2ia6-1F1Fvk,https://www.pokemon-card.com/deck/confirm.html/deckID/1kVb55-0Q2ia6-1F1Fvk,【オリーヴァex】,オリーヴァex,https://hashimu.com/official-events/2273,Day1
junior_day1,ジュニア1日目,981401,チャンピオンズリーグ2026 愛知 May ジュニアリーグ 1日目大会,2026-05-09 00:00:00.000000,愛知県,Aichi Sky Expo　展示ホールD・E,5,TOP8,ゆう☆,0059013334,愛知県,fkkF1b-fhZ5h0-VkFfvb,https://www.pokemon-card.com/deck/deck.html?deckID=fkkF1b-fhZ5h0-VkFfvb,https://www.pokemon-card.com/deck/confirm.html/deckID/fkkF1b-fhZ5h0-VkFfvb,【ドラパルトex】,ドラパルトex,https://hashimu.com/official-events/2273,Day1
junior_day1,ジュニア1日目,981401,チャンピオンズリーグ2026 愛知 May ジュニアリーグ 1日目大会,2026-05-09 00:00:00.000000,愛知県,Aichi Sky Expo　展示ホールD・E,5,TOP8,まこと,0036534517,大阪府,kFFVFf-3OUMNW-vFdvbb,https://www.pokemon-card.com/deck/deck.html?deckID=kFFVFf-3OUMNW-vFdvbb,https://www.pokemon-card.com/deck/confirm.html/deckID/kFFVFf-3OUMNW-vFdvbb,【メガミミロップex / メガユキメノコex】,メガミミロップex / メガユキメノコex,https://hashimu.com/official-events/2273,Day1
junior_day1,ジュニア1日目,981401,チャンピオンズリーグ2026 愛知 May ジュニアリーグ 1日目大会,2026-05-09 00:00:00.000000,愛知県,Aichi Sky Expo　展示ホールD・E,5,TOP8,ココア,0081925814,東京都,ng9n9n-DKx28K-ggHHnL,https://www.pokemon-card.com/deck/deck.html?deckID=ng9n9n-DKx28K-ggHHnL,https://www.pokemon-card.com/deck/confirm.html/deckID/ng9n9n-DKx28K-ggHHnL,【フーディン】,フーディン,https://hashimu.com/official-events/2273,Day1
junior_day1,ジュニア1日目,981401,チャンピオンズリーグ2026 愛知 May ジュニアリーグ 1日目大会,2026-05-09 00:00:00.000000,愛知県,Aichi Sky Expo　展示ホールD・E,9,TOP16,そうすけ,0027348048,千葉県,4c4GJ8-m7x8x0-caGDYx,https://www.pokemon-card.com/deck/deck.html?deckID=4c4GJ8-m7x8x0-caGDYx,https://www.pokemon-card.com/deck/confirm.html/deckID/4c4GJ8-m7x8x0-caGDYx,【ドラパルトex】,ドラパルトex,https://hashimu.com/official-events/2273,Day1
junior_day1,ジュニア1日目,981401,チャンピオンズリーグ2026 愛知 May ジュニアリーグ 1日目大会,2026-05-09 00:00:00.000000,愛知県,Aichi Sky Expo　展示ホールD・E,9,TOP16,つよ,0063741067,千葉県,8YcxcG-gxRSXB-8GYcYx,https://www.pokemon-card.com/deck/deck.html?deckID=8YcxcG-gxRSXB-8GYcYx,https://www.pokemon-card.com/deck/confirm.html/deckID/8YcxcG-gxRSXB-8GYcYx,【ユキメノコ / マリィのオーロンゲex】,ユキメノコ / マリィのオーロンゲex,https://hashimu.com/official-events/2273,Day1
junior_day1,ジュニア1日目,981401,チャンピオンズリーグ2026 愛知 May ジュニアリーグ 1日目大会,2026-05-09 00:00:00.000000,愛知県,Aichi Sky Expo　展示ホールD・E,9,TOP16,こーせい,0042536965,大阪府,FvkFwv-uC87NK-bdFfFk,https://www.pokemon-card.com/deck/deck.html?deckID=FvkFwv-uC87NK-bdFfFk,https://www.pokemon-card.com/deck/confirm.html/deckID/FvkFwv-uC87NK-bdFfFk,【おまつりおんど】,おまつりおんど,https://hashimu.com/official-events/2273,Day1
junior_day1,ジュニア1日目,981401,チャンピオンズリーグ2026 愛知 May ジュニアリーグ 1日目大会,2026-05-09 00:00:00.000000,愛知県,Aichi Sky Expo　展示ホールD・E,9,TOP16,ごーぞ,0072891131,千葉県,QQnHgg-wqLlH6-iPnn9g,https://www.pokemon-card.com/deck/deck.html?deckID=QQnHgg-wqLlH6-iPnn9g,https://www.pokemon-card.com/deck/confirm.html/deckID/QQnHgg-wqLlH6-iPnn9g,【ソルロックルナトーン/メガルカリオex】,ソルロックルナトーン / メガルカリオex,https://hashimu.com/official-events/2273,Day1
junior_day1,ジュニア1日目,981401,チャンピオンズリーグ2026 愛知 May ジュニアリーグ 1日目大会,2026-05-09 00:00:00.000000,愛知県,Aichi Sky Expo　展示ホールD・E,9,TOP16,ネス,0010810853,埼玉県,axxcYa-WSQqio-8c8YGx,https://www.pokemon-card.com/deck/deck.html?deckID=axxcYa-WSQqio-8c8YGx,https://www.pokemon-card.com/deck/confirm.html/deckID/axxcYa-WSQqio-8c8YGx,【フーディン】,フーディン,https://hashimu.com/official-events/2273,Day1
junior_day1,ジュニア1日目,981401,チャンピオンズリーグ2026 愛知 May ジュニアリーグ 1日目大会,2026-05-09 00:00:00.000000,愛知県,Aichi Sky Expo　展示ホールD・E,9,TOP16,たくみん,0077392097,愛知県,cY88JD-J2eAk7-cGJ88c,https://www.pokemon-card.com/deck/deck.html?deckID=cY88JD-J2eAk7-cGJ88c,https://www.pokemon-card.com/deck/confirm.html/deckID/cY88JD-J2eAk7-cGJ88c,【ドラパルトex】,ドラパルトex,https://hashimu.com/official-events/2273,Day1
junior_day1,ジュニア1日目,981401,チャンピオンズリーグ2026 愛知 May ジュニアリーグ 1日目大会,2026-05-09 00:00:00.000000,愛知県,Aichi Sky Expo　展示ホールD・E,9,TOP16,そうたろう,0075684549,愛知県,gLn9QH-ayokB5-9g9Pgi,https://www.pokemon-card.com/deck/deck.html?deckID=gLn9QH-ayokB5-9g9Pgi,https://www.pokemon-card.com/deck/confirm.html/deckID/gLn9QH-ayokB5-9g9Pgi,【ドラパルトex】,ドラパルトex,https://hashimu.com/official-events/2273,Day1
junior_day1,ジュニア1日目,981401,チャンピオンズリーグ2026 愛知 May ジュニアリーグ 1日目大会,2026-05-09 00:00:00.000000,愛知県,Aichi Sky Expo　展示ホールD・E,9,TOP16,れお,0008033824,東京都,ySypyy-1Y6Tra-yR2pUp,https://www.pokemon-card.com/deck/deck.html?deckID=ySypyy-1Y6Tra-yR2pUp,https://www.pokemon-card.com/deck/confirm.html/deckID/ySypyy-1Y6Tra-yR2pUp,【メガガルーラex】,メガガルーラex / イワパレス,https://hashimu.com/official-events/2273,Day1
senior_day1,シニア1日目,981254,チャンピオンズリーグ2026 愛知 May シニアリーグ 1日目大会,2026-05-09 00:00:00.000000,愛知県,Aichi Sky Expo　展示ホールD・E,1,WINNER,コサイトウ,0001880175,大阪府,cYJxGc-7oFw3h-Y848J8,https://www.pokemon-card.com/deck/deck.html?deckID=cYJxGc-7oFw3h-Y848J8,https://www.pokemon-card.com/deck/confirm.html/deckID/cYJxGc-7oFw3h-Y848J8,【ドラパルトex】,ドラパルトex,https://hashimu.com/official-events/2272,Day1
senior_day1,シニア1日目,981254,チャンピオンズリーグ2026 愛知 May シニアリーグ 1日目大会,2026-05-09 00:00:00.000000,愛知県,Aichi Sky Expo　展示ホールD・E,2,RUNNER_UP,まいまい,0083956832,愛知県,kbkkFv-viAQTk-FVk15F,https://www.pokemon-card.com/deck/deck.html?deckID=kbkkFv-viAQTk-FVk15F,https://www.pokemon-card.com/deck/confirm.html/deckID/kbkkFv-viAQTk-FVk15F,【ドラパルトex】,ドラパルトex,https://hashimu.com/official-events/2272,Day1
senior_day1,シニア1日目,981254,チャンピオンズリーグ2026 愛知 May シニアリーグ 1日目大会,2026-05-09 00:00:00.000000,愛知県,Aichi Sky Expo　展示ホールD・E,3,TOP4,あかつき,0014265974,新潟県,LgQ99g-pdmL7B-nniHPg,https://www.pokemon-card.com/deck/deck.html?deckID=LgQ99g-pdmL7B-nniHPg,https://www.pokemon-card.com/deck/confirm.html/deckID/LgQ99g-pdmL7B-nniHPg,【メガガルーラex】,exバレット / ヤドキング / メガガルーラex / メタグロス,https://hashimu.com/official-events/2272,Day1
senior_day1,シニア1日目,981254,チャンピオンズリーグ2026 愛知 May シニアリーグ 1日目大会,2026-05-09 00:00:00.000000,愛知県,Aichi Sky Expo　展示ホールD・E,3,TOP4,司,0082034467,愛知県,iP9nQL-nTnYqt-ggNgnN,https://www.pokemon-card.com/deck/deck.html?deckID=iP9nQL-nTnYqt-ggNgnN,https://www.pokemon-card.com/deck/confirm.html/deckID/iP9nQL-nTnYqt-ggNgnN,【ゲノセクトex / メタグロス】,ゲノセクトex / メタグロス,https://hashimu.com/official-events/2272,Day1
senior_day1,シニア1日目,981254,チャンピオンズリーグ2026 愛知 May シニアリーグ 1日目大会,2026-05-09 00:00:00.000000,愛知県,Aichi Sky Expo　展示ホールD・E,5,TOP8,ちゅんちゅんまる,0086624242,長崎県,F5vbdF-MVSqom-kFFFVw,https://www.pokemon-card.com/deck/deck.html?deckID=F5vbdF-MVSqom-kFFFVw,https://www.pokemon-card.com/deck/confirm.html/deckID/F5vbdF-MVSqom-kFFFVw,【ドラパルトex】,ドラパルトex,https://hashimu.com/official-events/2272,Day1
senior_day1,シニア1日目,981254,チャンピオンズリーグ2026 愛知 May シニアリーグ 1日目大会,2026-05-09 00:00:00.000000,愛知県,Aichi Sky Expo　展示ホールD・E,5,TOP8,おうま,0078726022,滋賀県,RyEy23-ctOybw-2ypMRM,https://www.pokemon-card.com/deck/deck.html?deckID=RyEy23-ctOybw-2ypMRM,https://www.pokemon-card.com/deck/confirm.html/deckID/RyEy23-ctOybw-2ypMRM,【メガアブソルex】,メガアブソルex,https://hashimu.com/official-events/2272,Day1
senior_day1,シニア1日目,981254,チャンピオンズリーグ2026 愛知 May シニアリーグ 1日目大会,2026-05-09 00:00:00.000000,愛知県,Aichi Sky Expo　展示ホールD・E,5,TOP8,ADF,0071571438,愛知県,cxDaGc-dVnVc2-8cxDY8,https://www.pokemon-card.com/deck/deck.html?deckID=cxDaGc-dVnVc2-8cxDY8,https://www.pokemon-card.com/deck/confirm.html/deckID/cxDaGc-dVnVc2-8cxDY8,【メガガルーラex】,メガガルーラex / イワパレス,https://hashimu.com/official-events/2272,Day1
senior_day1,シニア1日目,981254,チャンピオンズリーグ2026 愛知 May シニアリーグ 1日目大会,2026-05-09 00:00:00.000000,愛知県,Aichi Sky Expo　展示ホールD・E,5,TOP8,もち,0030284490,長野県,n9Lgig-pomFFz-LngQ9n,https://www.pokemon-card.com/deck/deck.html?deckID=n9Lgig-pomFFz-LngQ9n,https://www.pokemon-card.com/deck/confirm.html/deckID/n9Lgig-pomFFz-LngQ9n,【ドラパルトex】,ドラパルトex,https://hashimu.com/official-events/2272,Day1
senior_day1,シニア1日目,981254,チャンピオンズリーグ2026 愛知 May シニアリーグ 1日目大会,2026-05-09 00:00:00.000000,愛知県,Aichi Sky Expo　展示ホールD・E,9,TOP16,金太,0065585751,京都府,4xccKY-HcVUie-c88GGc,https://www.pokemon-card.com/deck/deck.html?deckID=4xccKY-HcVUie-c88GGc,https://www.pokemon-card.com/deck/confirm.html/deckID/4xccKY-HcVUie-c88GGc,【ユキメノコ / マリィのオーロンゲex】,ユキメノコ / マリィのオーロンゲex,https://hashimu.com/official-events/2272,Day1
senior_day1,シニア1日目,981254,チャンピオンズリーグ2026 愛知 May シニアリーグ 1日目大会,2026-05-09 00:00:00.000000,愛知県,Aichi Sky Expo　展示ホールD・E,9,TOP16,けい☆,0000328081,愛知県,QQ6ngg-8gE6Wh-9nnigQ,https://www.pokemon-card.com/deck/deck.html?deckID=QQ6ngg-8gE6Wh-9nnigQ,https://www.pokemon-card.com/deck/confirm.html/deckID/QQ6ngg-8gE6Wh-9nnigQ,【ドラパルトex】,ドラパルトex,https://hashimu.com/official-events/2272,Day1
senior_day1,シニア1日目,981254,チャンピオンズリーグ2026 愛知 May シニアリーグ 1日目大会,2026-05-09 00:00:00.000000,愛知県,Aichi Sky Expo　展示ホールD・E,9,TOP16,アディーくん,0099723549,愛知県,RXppSp-xjfiTZ-pXREyy,https://www.pokemon-card.com/deck/deck.html?deckID=RXppSp-xjfiTZ-pXREyy,https://www.pokemon-card.com/deck/confirm.html/deckID/RXppSp-xjfiTZ-pXREyy,【ユキメノコ / マリィのオーロンゲex】,ユキメノコ / マリィのオーロンゲex,https://hashimu.com/official-events/2272,Day1
senior_day1,シニア1日目,981254,チャンピオンズリーグ2026 愛知 May シニアリーグ 1日目大会,2026-05-09 00:00:00.000000,愛知県,Aichi Sky Expo　展示ホールD・E,9,TOP16,たい,0014457854,富山県,bkvwkb-XVGcqA-FFFfF5,https://www.pokemon-card.com/deck/deck.html?deckID=bkvwkb-XVGcqA-FFFfF5,https://www.pokemon-card.com/deck/confirm.html/deckID/bkvwkb-XVGcqA-FFFfF5,【ドラパルトex】,ドラパルトex,https://hashimu.com/official-events/2272,Day1
senior_day1,シニア1日目,981254,チャンピオンズリーグ2026 愛知 May シニアリーグ 1日目大会,2026-05-09 00:00:00.000000,愛知県,Aichi Sky Expo　展示ホールD・E,9,TOP16,マニャータ,0039498137,千葉県,c4884Y-NYkJ9E-8GG4cD,https://www.pokemon-card.com/deck/deck.html?deckID=c4884Y-NYkJ9E-8GG4cD,https://www.pokemon-card.com/deck/confirm.html/deckID/c4884Y-NYkJ9E-8GG4cD,【ユキメノコ / マリィのオーロンゲex】,ユキメノコ / マリィのオーロンゲex,https://hashimu.com/official-events/2272,Day1
senior_day1,シニア1日目,981254,チャンピオンズリーグ2026 愛知 May シニアリーグ 1日目大会,2026-05-09 00:00:00.000000,愛知県,Aichi Sky Expo　展示ホールD・E,9,TOP16,こーすけ,0010048610,北海道,cG88cx-jY5JFg-ccccKY,https://www.pokemon-card.com/deck/deck.html?deckID=cG88cx-jY5JFg-ccccKY,https://www.pokemon-card.com/deck/confirm.html/deckID/cG88cx-jY5JFg-ccccKY,【ドラパルトex】,ドラパルトex,https://hashimu.com/official-events/2272,Day1
senior_day1,シニア1日目,981254,チャンピオンズリーグ2026 愛知 May シニアリーグ 1日目大会,2026-05-09 00:00:00.000000,愛知県,Aichi Sky Expo　展示ホールD・E,9,TOP16,たつき,0036398559,大阪府,cYKGYc-GO0WPr-GcYx8a,https://www.pokemon-card.com/deck/deck.html?deckID=cYKGYc-GO0WPr-GcYx8a,https://www.pokemon-card.com/deck/confirm.html/deckID/cYKGYc-GO0WPr-GcYx8a,【メガアブソルex】,メガアブソルex,https://hashimu.com/official-events/2272,Day1
senior_day1,シニア1日目,981254,チャンピオンズリーグ2026 愛知 May シニアリーグ 1日目大会,2026-05-09 00:00:00.000000,愛知県,Aichi Sky Expo　展示ホールD・E,9,TOP16,ここち,0042231743,大阪府,kkFVb1-f8lSlL-ffFFvf,https://www.pokemon-card.com/deck/deck.html?deckID=kkFVb1-f8lSlL-ffFFvf,https://www.pokemon-card.com/deck/confirm.html/deckID/kkFVb1-f8lSlL-ffFFvf,【ゲッコウガex / メガゲッコウガex】,ゲッコウガex / メガゲッコウガex,https://hashimu.com/official-events/2272,Day1
